account,account,,,,
token,token,tokens,,,
amount,amount,amounts,,,
Var0,lockProxy,,,,
tx,txs,,,,
to,to,toaddress,receiver,dstAddress,toAddress
srcChainId,fromChainID,srcChainId,,,
dstChainId,toChainId,dstChainId,toChainID,,
fromAssetHash,fromAssetHash,fromAsset,,,
toAssetHash,toAssetHash,toAsset,,,
Var1,targetProxyHash,,,,
Var2,newMPC,,,,
Var3,newVault,,,,
transferId,transferId,,,,
Var4,preimage,,,,
id,id,,,,
Var5,vault,,,,
Var6,relayRequest,,,,
Var7,sigs,,,,
Var8,signers,,,,
Var9,powers,,,,
Var10,nonce,,,,
Var11,maxSlippage,,,,
Var12,period,,,,
Var13,thresholds,,,,
Var14,length,,,,
Var15,caps,,,,
Var16,collector,,,,
Var17,ethCCMProxyAddr,,,,
Var18,minimalMaxSlippage,,,,
Var19,weth,,,,
Var20,hashlock,,,,
Var21,timelock,,,,
srcTransferId,srcTransferId,,,,
Var22,bridge,,,,
Var23,newOwner,,,,
Var24,fee,,,,
Var25,wdmsg,,,,
